gen,max,mean
0,2.9957445235595515e-07,1.369753363178461e-07
1,8.123751285893377e-06,2.6469222845548756e-06
2,3.411180659895763e-05,1.419714747044054e-05
3,6.245545955607668e-05,3.0201301979104755e-05
4,0.00044983692350797355,7.571580299554625e-05
5,0.0013604576233774424,0.00039975958279683257
6,0.006054616067558527,0.001088106379029341
7,0.061739109456539154,0.011734329053433612
